Area_of_Study,Tags
anthropology,anthropology
,cultural studies
arts and humanities,arts and humanities
,history
,literature and literary theory
,music
,religious studies
,visual arts and performing arts
business and economics,accounting
,business and international management
,business management and accounting
,economics and econometrics
,economics econometrics and finance
,finance
,industrial relations
,management information systems
,management of technology and innovation
,marketing
,organizational behavior and human resource management
,strategy and management
,tourism leisure and hospitality management
computer science,artificial intelligence
,computer networks and communications
,computer science
,computer science applications
,hardware and architecture
,human-computer interaction
,information systems
,software
decision sciences,decision sciences
,information systems and management
,management science and operations research
development,development
education,e-learning
,education
energy and engineering,civil and structural engineering
,electrical and electronic engineering
,energy  
,engineering
,industrial and manufacturing engineering
,media technology
,renewable energy sustainability and the environment
,safety risk reliability and quality
health social science,health social science
library and information sciences,library and information sciences
linguistics language and communication,communication
,language and linguistics
,linguistics and language
mathematics and statistics,statistics probability and uncertainty
,analysis
,applied mathematics
,modeling and simulation
,statistics and probability
medicine,aging
,anatomy
,anesthesiology and pain
,biochemistry genetics and molecular biology
,complementary and alternative medicine
,developmental biology
,drug discovery
,emergency medicine
,epidemiology
,family practice
,genetics
,geriatrics and gerontology
,health informatics
,health policy 
,histology
,immunology and microbiology
,infectious diseases
,medicine
,obstetrics and gynecology
,oncology
,otorhinolaryngology
,pathology and forensic medicine
,pediatrics perinatology and child health
,pharmaceutical science
,pharmacology 
,pharmacology medical
,physiology
,physiology medical
,public health environmental and occupational health 
,radiology nuclear medicine and imaging 
,reproductive medicine
,rheumatology
,toxicology
mental health,psychiatric mental health
,psychiatry and mental health 
neuroscience,neurology clinical
,behavioral neuroscience
,biological psychiatry
,cellular and molecular neuroscience
,cognitive neuroscience
,developmental neuroscience
,neurology
,neuroscience
,sensory systems
nursing and health professions,advanced and specialized nursing
,community and home care
,complementary and manual therapy
,emergency nursing
,gerontology
,health professions
,leadership and management
,nursing
,nutrition and dietetics
,pediatrics
,rehabilitation
,physical therapy sports therapy and rehabilitation
,radiological and ultrasound technology
,research and theory
,speech and hearing
,sports science
philosophy,history and philosophy of science
,philosophy
political science,law
,political science and international relations
,public administration
,sociology and political science 
psychology,applied psychology
,clinical psychology
,developmental and educational psychology
,experimental and cognitive psychology
,neuropsychology and physiological psychology
,psychology
,social psychology
science,agricultural and biological sciences
,agronomy and crop science
,animal science and zoology
,computers in earth sciences
,earth and planetary sciences
,ecology
,ecology evolution behavior and systematics 
,environmental science
,food science
,forestry
,global and planetary change
,health toxicology and mutagenesis
,management monitoring policy and law
,nature and landscape conservation
,organic chemistry
social sciences,gender studies
,human factors and ergonomics
,life-span and life-course studies 
,social sciences
,social work
urban studies and geography planning,geography planning and development
,transportation
,urban studies